item_id,item_type,what_it_is,belongs_to,units,source,extraction_confidence,model_status,OPS_confirm_or_correct,OPS_correct_value,OPS_show_on_operator_screen_Y_N,OPS_alarm_priority_H_M_L_none,OPS_notes
U-100,equipment,Feed System,,,D&V 1993 Fig. 1,seed,unverified,,,,,
R-101,equipment,Reactor,,,D&V 1993 Fig. 1,seed,unverified,,,,,
E-101,equipment,Product Condenser,,,D&V 1993 Fig. 1,seed,unverified,,,,,
V-101,equipment,Vapor/Liquid Separator,,,D&V 1993 Fig. 1,seed,unverified,,,,,
K-101,equipment,Recycle Compressor,,,D&V 1993 Fig. 1,seed,unverified,,,,,
C-101,equipment,Product Stripper,,,D&V 1993 Fig. 1,seed,unverified,,,,,
FI-101,measurement,A feed flow,Feed System,kscmh,D&V 1993 XMEAS 1,seed,unverified,,,,,
FI-102,measurement,D feed flow,Feed System,kg/h,D&V 1993 XMEAS 2,seed,unverified,,,,,
FI-103,measurement,E feed flow,Feed System,kg/h,D&V 1993 XMEAS 3,seed,unverified,,,,,
FI-104,measurement,A and C feed flow,Product Stripper,kscmh,D&V 1993 XMEAS 4,seed,unverified,,,,,
FI-105,measurement,Recycle flow,Recycle Compressor,kscmh,D&V 1993 XMEAS 5,seed,unverified,,,,,
FI-106,measurement,Reactor feed rate,Reactor,kscmh,D&V 1993 XMEAS 6,seed,unverified,,,,,
PI-107,measurement,Reactor pressure,Reactor,kPa g,D&V 1993 XMEAS 7,seed,unverified,,,,,
LI-108,measurement,Reactor level,Reactor,%,D&V 1993 XMEAS 8,seed,unverified,,,,,
TI-109,measurement,Reactor temperature,Reactor,degC,D&V 1993 XMEAS 9,seed,unverified,,,,,
FI-110,measurement,Purge rate,Recycle Compressor,kscmh,D&V 1993 XMEAS 10,seed,unverified,,,,,
TI-111,measurement,Separator temperature,Vapor/Liquid Separator,degC,D&V 1993 XMEAS 11,seed,unverified,,,,,
LI-112,measurement,Separator level,Vapor/Liquid Separator,%,D&V 1993 XMEAS 12,seed,unverified,,,,,
PI-113,measurement,Separator pressure,Vapor/Liquid Separator,kPa g,D&V 1993 XMEAS 13,seed,unverified,,,,,
FI-114,measurement,Separator underflow,Vapor/Liquid Separator,m3/h,D&V 1993 XMEAS 14,seed,unverified,,,,,
LI-115,measurement,Stripper level,Product Stripper,%,D&V 1993 XMEAS 15,seed,unverified,,,,,
PI-116,measurement,Stripper pressure,Product Stripper,kPa g,D&V 1993 XMEAS 16,seed,unverified,,,,,
FI-117,measurement,Stripper underflow (product),Product Stripper,m3/h,D&V 1993 XMEAS 17,seed,unverified,,,,,
TI-118,measurement,Stripper temperature,Product Stripper,degC,D&V 1993 XMEAS 18,seed,unverified,,,,,
FI-119,measurement,Stripper steam flow,Product Stripper,kg/h,D&V 1993 XMEAS 19,seed,unverified,,,,,
JI-120,measurement,Compressor work,Recycle Compressor,kW,D&V 1993 XMEAS 20,seed,unverified,,,,,
TI-121,measurement,Reactor cooling water outlet temperature,Reactor,degC,D&V 1993 XMEAS 21,seed,unverified,,,,,
TI-122,measurement,Condenser cooling water outlet temperature,Product Condenser,degC,D&V 1993 XMEAS 22,seed,unverified,,,,,
AI-123,measurement,Reactor feed analyzer (components A-F),Reactor,mol%,D&V 1993 XMEAS 23-28,seed,unverified,,,,,
AI-129,measurement,Purge gas analyzer (components A-H),Recycle Compressor,mol%,D&V 1993 XMEAS 29-36,seed,unverified,,,,,
AI-137,measurement,Product analyzer (components D-H),Product Stripper,mol%,D&V 1993 XMEAS 37-41,seed,unverified,,,,,
FV-201,control valve / output,D feed flow valve,Feed System,%,D&V 1993 XMV 1,seed,unverified,,,,,
FV-202,control valve / output,E feed flow valve,Feed System,%,D&V 1993 XMV 2,seed,unverified,,,,,
FV-203,control valve / output,A feed flow valve,Feed System,%,D&V 1993 XMV 3,seed,unverified,,,,,
FV-204,control valve / output,A and C feed flow valve,Product Stripper,%,D&V 1993 XMV 4,seed,unverified,,,,,
HV-205,control valve / output,Compressor recycle valve,Recycle Compressor,%,D&V 1993 XMV 5,seed,unverified,,,,,
FV-206,control valve / output,Purge valve,Recycle Compressor,%,D&V 1993 XMV 6,seed,unverified,,,,,
LV-207,control valve / output,Separator pot liquid flow valve,Vapor/Liquid Separator,%,D&V 1993 XMV 7,seed,unverified,,,,,
LV-208,control valve / output,Stripper liquid product flow valve,Product Stripper,%,D&V 1993 XMV 8,seed,unverified,,,,,
FV-209,control valve / output,Stripper steam valve,Product Stripper,%,D&V 1993 XMV 9,seed,unverified,,,,,
TV-210,control valve / output,Reactor cooling water flow valve,Reactor,%,D&V 1993 XMV 10,seed,unverified,,,,,
TV-211,control valve / output,Condenser cooling water flow valve,Product Condenser,%,D&V 1993 XMV 11,seed,unverified,,,,,
SC-212,control valve / output,Agitator speed,Reactor,%,D&V 1993 XMV 12,seed,unverified,,,,,
