tag,server,base_path,point,units,description
TE-14084A,OPEN100-Demo,nsu=urn:pid-digital-twin:open100-demo;s=PLANT,TE_14084A,degC,synthetic demo point
TE-14084B,OPEN100-Demo,nsu=urn:pid-digital-twin:open100-demo;s=PLANT,TE_14084B,degC,synthetic demo point
TE 14089A,OPEN100-Demo,nsu=urn:pid-digital-twin:open100-demo;s=PLANT,TE_14089A,degC,synthetic demo point
TE 14089B,OPEN100-Demo,nsu=urn:pid-digital-twin:open100-demo;s=PLANT,TE_14089B,degC,synthetic demo point
TE-14090A,OPEN100-Demo,nsu=urn:pid-digital-twin:open100-demo;s=PLANT,TE_14090A,degC,synthetic demo point
TE-14090B,OPEN100-Demo,nsu=urn:pid-digital-twin:open100-demo;s=PLANT,TE_14090B,degC,synthetic demo point
te_14091a,OPEN100-Demo,nsu=urn:pid-digital-twin:open100-demo;s=PLANT,TE_14091A,degC,synthetic demo point
te_14091b,OPEN100-Demo,nsu=urn:pid-digital-twin:open100-demo;s=PLANT,TE_14091B,degC,synthetic demo point
TE-14092A,OPEN100-Demo,nsu=urn:pid-digital-twin:open100-demo;s=PLANT,TE_14092A,degC,synthetic demo point
TE-14092B,OPEN100-Demo,nsu=urn:pid-digital-twin:open100-demo;s=PLANT,TE_14092B,degC,synthetic demo point
TE-14093A,OPEN100-Demo,nsu=urn:pid-digital-twin:open100-demo;s=PLANT,TE_14093A,degC,synthetic demo point
TE-14093B,OPEN100-Demo,nsu=urn:pid-digital-twin:open100-demo;s=PLANT,TE_14093B,degC,synthetic demo point
PT-14085,OPEN100-Demo,nsu=urn:pid-digital-twin:open100-demo;s=PLANT,PT_14085,kPa,synthetic demo point
PT-14086,OPEN100-Demo,nsu=urn:pid-digital-twin:open100-demo;s=PLANT,PT_14086,kPa,synthetic demo point
PT-14087,OPEN100-Demo,nsu=urn:pid-digital-twin:open100-demo;s=PLANT,PT_14087,kPa,synthetic demo point
PT-14088,OPEN100-Demo,nsu=urn:pid-digital-twin:open100-demo;s=PLANT,PT_14088,kPa,synthetic demo point
RE-1402,OPEN100-Demo,nsu=urn:pid-digital-twin:open100-demo;s=PLANT,RE_1402,mSv/h,synthetic demo point
RE-1403,OPEN100-Demo,nsu=urn:pid-digital-twin:open100-demo;s=PLANT,RE_1403,mSv/h,synthetic demo point
TCV-1401,OPEN100-Demo,nsu=urn:pid-digital-twin:open100-demo;s=PLANT,TCV_1401_POS,%,synthetic demo point (valve position)
TCV-1402,OPEN100-Demo,nsu=urn:pid-digital-twin:open100-demo;s=PLANT,TCV_1402_POS,%,synthetic demo point (valve position)
TCV-1403,OPEN100-Demo,nsu=urn:pid-digital-twin:open100-demo;s=PLANT,TCV_1403_POS,%,synthetic demo point (valve position)
TCV-1406,OPEN100-Demo,nsu=urn:pid-digital-twin:open100-demo;s=PLANT,TCV_1406_POS,%,synthetic demo point (valve position)
TCV-1408,OPEN100-Demo,nsu=urn:pid-digital-twin:open100-demo;s=PLANT,TCV_1408_POS,%,synthetic demo point (valve position)
TCV-1409,OPEN100-Demo,nsu=urn:pid-digital-twin:open100-demo;s=PLANT,TCV_1409_POS,%,synthetic demo point (valve position)
FT-1401,OPEN100-Demo,nsu=urn:pid-digital-twin:open100-demo;s=PLANT,FT_1401,kg/s,synthetic demo point (the drawing shows this tag twice)
PT-14094,OPEN100-Demo,nsu=urn:pid-digital-twin:open100-demo;s=PLANT,PT_14094,kPa,synthetic demo point (not on the drawing: a later addition in this made-up story)
TE-14095A,OPEN100-Demo,nsu=urn:pid-digital-twin:open100-demo;s=PLANT,TE_14095A,degC,synthetic demo point (not on the drawing: a later addition in this made-up story)
